{


  "Routes": [
    //"ProductAPI": "https://localhost:7000",
    {
      "DownstreamPathTemplate": "/api/product",
      "DownstreamScheme": "https",
      "DownstreamHostAndPorts": [
        {
          "Host": "mangoservicesproductapi.azurewebsites.net"
        }
      ],
      "UpstreamPathTemplate": "/api/product",
      "UpstreamHttpMethod": [ "Get" ]
    },
    {
      "DownstreamPathTemplate": "/api/product/{id}",
      "DownstreamScheme": "https",
      "DownstreamHostAndPorts": [
        {
          "Host": "mangoservicesproductapi.azurewebsites.net"
        }
      ],
      "UpstreamPathTemplate": "/api/product/{id}",
      "UpstreamHttpMethod": [ "Get", "DELETE" ],
      "AuthenticationOptions": {
        "AuthenticationProviderKey": "Bearer"
      }
    },
    {
      "DownstreamPathTemplate": "/api/product",
      "DownstreamScheme": "https",
      "DownstreamHostAndPorts": [
        {
          "Host": "mangoservicesproductapi.azurewebsites.net"
        }
      ],
      "UpstreamPathTemplate": "/api/product",
      "UpstreamHttpMethod": [ "POST", "PUT" ],
      "AuthenticationOptions": {
        "AuthenticationProviderKey": "Bearer"
      }
    },

    //"CouponAPI": "https://localhost:7001",
    {
      "DownstreamPathTemplate": "/api/coupon",
      "DownstreamScheme": "https",
      "DownstreamHostAndPorts": [
        {
          "Host": "mangoservicescouponapi.azurewebsites.net"
        }
      ],
      "UpstreamPathTemplate": "/api/coupon",
      "UpstreamHttpMethod": [ "Get" ]
    },
    {
      "DownstreamPathTemplate": "/api/coupon/GetByCode/{code}",
      "DownstreamScheme": "https",
      "DownstreamHostAndPorts": [
        {
          "Host": "mangoservicescouponapi.azurewebsites.net"
        }
      ],
      "UpstreamPathTemplate": "/api/coupon/GetByCode/{code}",
      "UpstreamHttpMethod": [ "Get" ]
    },
    {
      "DownstreamPathTemplate": "/api/coupon/{id}",
      "DownstreamScheme": "https",
      "DownstreamHostAndPorts": [
        {
          "Host": "mangoservicescouponapi.azurewebsites.net"
        }
      ],
      "UpstreamPathTemplate": "/api/coupon/{id}",
      "UpstreamHttpMethod": [ "Get", "DELETE" ],
      "AuthenticationOptions": {
        "AuthenticationProviderKey": "Bearer"
      }
    },
    {
      "DownstreamPathTemplate": "/api/coupon",
      "DownstreamScheme": "https",
      "DownstreamHostAndPorts": [
        {
          "Host": "mangoservicescouponapi.azurewebsites.net"
        }
      ],
      "UpstreamPathTemplate": "/api/coupon",
      "UpstreamHttpMethod": [ "POST", "PUT" ],
      "AuthenticationOptions": {
        "AuthenticationProviderKey": "Bearer"
      }
    },

    //"ShoppingCartAPI": "https://localhost:7003",
    {
      "DownstreamPathTemplate": "/api/cart/GetCart/{id}",
      "DownstreamScheme": "https",
      "DownstreamHostAndPorts": [
        {
          "Host": "mangoservicescartapi.azurewebsites.net"
        }
      ],
      "UpstreamPathTemplate": "/api/cart/GetCart/{id}",
      "UpstreamHttpMethod": [ "Get" ],
      "AuthenticationOptions": {
        "AuthenticationProviderKey": "Bearer"
      }
    },
    {
      "DownstreamPathTemplate": "/api/cart/RemoveCart",
      "DownstreamScheme": "https",
      "DownstreamHostAndPorts": [
        {
          "Host": "mangoservicescartapi.azurewebsites.net"
        }
      ],
      "UpstreamPathTemplate": "/api/cart/RemoveCart",
      "UpstreamHttpMethod": [ "POST" ],
      "AuthenticationOptions": {
        "AuthenticationProviderKey": "Bearer"
      }
    },
    {
      "DownstreamPathTemplate": "/api/cart/CartUpsert",
      "DownstreamScheme": "https",
      "DownstreamHostAndPorts": [
        {
          "Host": "mangoservicescartapi.azurewebsites.net"
        }
      ],
      "UpstreamPathTemplate": "/api/cart/CartUpsert",
      "UpstreamHttpMethod": [ "POST" ],
      "AuthenticationOptions": {
        "AuthenticationProviderKey": "Bearer"
      }
    },
    {
      "DownstreamPathTemplate": "/api/cart/EmailCartRequest",
      "DownstreamScheme": "https",
      "DownstreamHostAndPorts": [
        {
          "Host": "mangoservicescartapi.azurewebsites.net"
        }
      ],
      "UpstreamPathTemplate": "/api/cart/EmailCartRequest",
      "UpstreamHttpMethod": [ "POST" ],
      "AuthenticationOptions": {
        "AuthenticationProviderKey": "Bearer"
      }
    },
    {
      "DownstreamPathTemplate": "/api/cart/ApplyCoupon",
      "DownstreamScheme": "https",
      "DownstreamHostAndPorts": [
        {
          "Host": "mangoservicescartapi.azurewebsites.net"
        }
      ],
      "UpstreamPathTemplate": "/api/cart/ApplyCoupon",
      "UpstreamHttpMethod": [ "POST" ],
      "AuthenticationOptions": {
        "AuthenticationProviderKey": "Bearer"
      }
    },

    //"OrderAPI": "https://localhost:7004",
    {
      "DownstreamPathTemplate": "/api/order/GetOrders?userId={id}",
      "DownstreamScheme": "https",
      "DownstreamHostAndPorts": [
        {
          "Host": "mangoservicesordersapi.azurewebsites.net"
        }
      ],
      "UpstreamPathTemplate": "/api/order/GetOrders/{id}",
      "UpstreamHttpMethod": [ "Get" ],
      "AuthenticationOptions": {
        "AuthenticationProviderKey": "Bearer"
      }
    },
    {
      "DownstreamPathTemplate": "/api/order/GetOrders?userId=''",
      "DownstreamScheme": "https",
      "DownstreamHostAndPorts": [
        {
          "Host": "mangoservicesordersapi.azurewebsites.net"
        }
      ],
      "UpstreamPathTemplate": "/api/order/GetOrders/",
      "UpstreamHttpMethod": [ "Get" ],
      "AuthenticationOptions": {
        "AuthenticationProviderKey": "Bearer"
      }
    },
    {
      "DownstreamPathTemplate": "/api/order/GetOrder/{id}",
      "DownstreamScheme": "https",
      "DownstreamHostAndPorts": [
        {
          "Host": "mangoservicesordersapi.azurewebsites.net"
        }
      ],
      "UpstreamPathTemplate": "/api/order/GetOrder/{id}",
      "UpstreamHttpMethod": [ "Get" ],
      "AuthenticationOptions": {
        "AuthenticationProviderKey": "Bearer"
      }
    },
    {
      "DownstreamPathTemplate": "/api/order/UpdateOrderStatus/{id}",
      "DownstreamScheme": "https",
      "DownstreamHostAndPorts": [
        {
          "Host": "mangoservicesordersapi.azurewebsites.net"
        }
      ],
      "UpstreamPathTemplate": "/api/order/UpdateOrderStatus/{id}",
      "UpstreamHttpMethod": [ "POST" ],
      "AuthenticationOptions": {
        "AuthenticationProviderKey": "Bearer"
      }
    },
    {
      "DownstreamPathTemplate": "/api/order/ValidateStripeSession",
      "DownstreamScheme": "https",
      "DownstreamHostAndPorts": [
        {
          "Host": "mangoservicesordersapi.azurewebsites.net"
        }
      ],
      "UpstreamPathTemplate": "/api/order/ValidateStripeSession",
      "UpstreamHttpMethod": [ "POST" ],
      "AuthenticationOptions": {
        "AuthenticationProviderKey": "Bearer"
      }
    },
    {
      "DownstreamPathTemplate": "/api/order/CreateStripeSession",
      "DownstreamScheme": "https",
      "DownstreamHostAndPorts": [
        {
          "Host": "mangoservicesordersapi.azurewebsites.net"
        }
      ],
      "UpstreamPathTemplate": "/api/order/CreateStripeSession",
      "UpstreamHttpMethod": [ "POST" ],
      "AuthenticationOptions": {
        "AuthenticationProviderKey": "Bearer"
      }
    },
    {
      "DownstreamPathTemplate": "/api/order/CreateOrder",
      "DownstreamScheme": "https",
      "DownstreamHostAndPorts": [
        {
          "Host": "mangoservicesordersapi.azurewebsites.net"
        }
      ],
      "UpstreamPathTemplate": "/api/order/CreateOrder",
      "UpstreamHttpMethod": [ "POST" ],
      "AuthenticationOptions": {
        "AuthenticationProviderKey": "Bearer"
      }
    }
  ],
  "GlobalConfiguration": {
    "BaseUrl": "https://mangogateway.azurewebsites.net"
  }
}